Workbook
Name combo_SimNao: AUX!$A$2:$A$3

Sheet Capa
C2: WormIF - WRIF
G3: Qde de Defeitos
C4: Caso de Uso | D4: Total de Cenários | F4: Ciclo 1 | G4: Ciclo 2 | H4: Ciclo 3
C5: Manter Diagnóstico | D5: 7
C6: Consultar Histórico de Diagnósticos | D6: 3
C7: Processar Diagnóstico | D7: 3
C8: Manter Registro | D8: 4
C9: Manter Base de Espécies | D9: 5
C10: Acompanhar Métricas do Sistema | D10: 3
C20: Totais
C21: =COUNTA(C5:C19) -> 6 | D21: =SUM(D5:D19) -> 25 | F21: =SUM(F5:F19) -> 0 | G21: =SUM(G5:G19) -> 0 | H21: =SUM(H5:H19) -> 0 | I21: =SUM(F21:H21) -> 0

Sheet AUX
A1: combo_SimNao
A2: Sim
A3: Não

Sheet Manter Diagnóstico
A1: Total de Cenários
A2: =Capa!D5 -> 7
A3: Manter Diagnóstico
A4: Script de Teste: | B4: Não
A5: Massa de Teste: | B5: Nome do Script sql com os dados para teste
A6: Pré-Condições: | B6: O usuário deve estar logado no Sistema e possuir perfil de acesso à funcionalidade .
A8: Nr. Cenário | B8: Descrição | C8: Entradas (Tudo que envolve ação) | D8: Resultado Esperado | E8: Problemas/Observações | F8: Qde. Defeitos | G8: Qde. Ciclos
A9: 1 | B9: Adicionar uma imagem fotografada de um inseto/verme | C9: Clique na caixa de entrada 'Arraste uma imagem ou clique para selecionar', Entre no Explorer e escolhe um Arquivo .png/.jpg | D9: Ao clicar em enviar, irá aparecer uma mensagem dizendo "Imagem carregada"
A10: =1+A9 -> 2 | B10: Usar um arquivo de texto ao inserir uma imagem | C10: Clique na caixa de entrada 'Arraste uma imagem ou clique para selecionar', Entre no Explorer e escolhe um Arquivo Arquivo .pdf | D10: Ao clicar em enviar, irá aparecer uma mensagem dizendo "Formato não suportado"
A11: =1+A10 -> 3 | B11: Excluir uma imagem escolhida antes de confirmar o envio | C11: Clique no botão 'X' no canto superior direito da imagem | D11: A imagem será excluída, mas ainda estará aberto a opção de adicionar uma imagem
A12: =1+A11 -> 4 | B12: Alterar uma imagem escolhida antes de confirmar o envio | C12: Excluir a imagem e selecionar um novo Arquivo .png/.jpg | D12: Ao clicar em enviar, irá aparecer uma mensagem dizendo "Imagem carregada"
A13: =1+A12 -> 5 | B13: Enviar uma imagem | C13: Clicar no botão 'Identificar Espécie' | D13: O diagnóstico será criado, informando Nome, Nome Científico Familiar, Descrição, Características, Habitat e Ciclo de Vida
A14: =1+A13 -> 6 | B14: Iniciar um novo Diagnóstico | C14: Clicar no botão 'Nova Análise' | D14: A página irá carregar para a tela contendo a caixa de entrada 'Arraste uma imagem ou clique para selecionar'
A15: =1+A14 -> 7 | B15: Excluir um Diagnóstico | C15: Selecionar o diagnóstico desejado e Selecionar a opção 'Excluir Análise' | D15: O diagnóstico será excluído e irá aparecer uma mensagem dizendo "Análise excluída"
A16: =1+A15 -> 8
A17: =1+A16 -> 9
A18: =1+A17 -> 10

Sheet Consultar Histórico de Diagnóst
A1: Total de Cenários
A2: =Capa!D6 -> 3
A3: Consultar Histórico de Diagnósticos
A4: Script de Teste: | B4: Não
A5: Massa de Teste: | B5: Nome do Script sql com os dados para teste
A6: Pré-Condições: | B6: O usuário deve estar logado no Sistema e possuir perfil de acesso à funcionalidade .
A8: Nr. Cenário | B8: Descrição | C8: Entradas | D8: Resultado Esperado | E8: Problemas/Observações | F8: Qde. Defeitos | G8: Qde. Ciclos
A9: 1 | B9: Procurar Histórico dos Diagnósticos anteriores | C9: Clique em 'Histórico' | D9: Irá aparecer todos os Diagnósticos já existentes até o momento
A10: =1+A9 -> 2 | B10: Selecionar a filtragem dos Diagnósticos | C10: Na aba de pesquisa, clique na opção Filtrar | D10: Ao selecionar para Filtrar, irá aparecer as opções de filtrar por Nome, Nome Científico Familiar, Descrição (alguma frase escrita no Diagnóstico), Características, Habitat, Ciclo de Vida (alguma frase escrita no Diagnóstico) e Data, onde ao selecionar um filtro os resultados irão aparecer
A11: =1+A10 -> 3 | B11: Procurar por Diagnósticos que não existem no Histórico | C11: Clique em 'Histórico' | D11: Irá aparecer uma mensagem dizendo "Nenhum Diagnóstico existente no momento"
A12: =1+A11 -> 4
A13: =1+A12 -> 5
A14: =1+A13 -> 6
A15: =1+A14 -> 7
A16: =1+A15 -> 8
A17: =1+A16 -> 9
A18: =1+A17 -> 10
A19: =1+A18 -> 11

Sheet Processar Diagnóstico
A1: Total de Cenários
A2: =Capa!D7 -> 3
A3: Processar Diagnóstico
A4: Script de Teste: | B4: Sim (PlayWright)
A5: Massa de Teste: | B5: Nome do Script sql com os dados para teste
A6: Pré-Condições: | B6: O usuário deve estar logado no Sistema e possuir perfil de acesso à funcionalidade .
A8: Nr. Cenário | B8: Descrição | C8: Entradas | D8: Resultado Esperado | E8: Problemas/Observações | F8: Qde. Defeitos | G8: Qde. Ciclos
A9: 1 | B9: Receber imagem | C9: Arquivo de imagem via API | D9: Recebimento correto
A10: =1+A9 -> 2 | B10: Processar | C10: Insumo para o modelo CNN | D10: Identificação feita
A11: =1+A10 -> 3 | B11: Retornar | C11: Output do modelo | D11: Resposta enviada
A12: =1+A11 -> 4
A13: =1+A12 -> 5
A14: =1+A13 -> 6
A15: =1+A14 -> 7
A16: =1+A15 -> 8
A17: =1+A16 -> 9
A18: =1+A17 -> 10
A19: =1+A18 -> 11

Sheet Manter Registro
A1: Total de Cenários
A2: =Capa!D8 -> 4
A3: Manter Registro
A4: Script de Teste: | B4: Não
A5: Massa de Teste: | B5: Nome do Script sql com os dados para teste
A6: Pré-Condições: | B6: O usuário deve estar logado no Sistema e possuir perfil de acesso à funcionalidade .
A8: Nr. Cenário | B8: Descrição | C8: Entradas | D8: Resultado Esperado | E8: Problemas/Observações | F8: Qde. Defeitos | G8: Qde. Ciclos
A9: 1 | B9: Mostrar todos diagnósticos das IAs não avaliadas desde a última vez | C9: Clique no botão 'Diagnósticos Recentes' | D9: Ao clicar no botão, irá aparecer uma janela lateral com várias notificações de Diagnósticos gerados pela IA sem sua avaliação para poder visualizar.
A10: =1+A9 -> 2 | B10: Aprovar um diagnóstico da IA | C10: Clique no botão 'Diagnósticos Recentes' para poder visualizar as informações e clicar em 'Aprovado' | D10: Ao clicar no botão e confirmar que o Diagnóstico da IA está correto, irá aparecer uma mensagem dizendo 'Aprovação feita com Sucesso'. Para o usuário dono deste diagnóstico receberá uma notificação dizendo 'Diagnóstico aprovado por um especialista da área'.
A11: =1+A10 -> 3 | B11: Desaprovar um diagnóstico da IA | C11: Clique no botão 'Diagnósticos Recentes' para poder visualizar as informações e clicar em 'Rejeitar' | D11: Ao clicar no botão e confirmar que o Diagnóstico da IA está errado, irá aparecer uma mensagem dizendo 'Rejeição executada'. Para o usuário dono deste diagnóstico receberá uma notificação dizendo 'Diagnóstico Rejeitado por um especialista da área por conter informações incorretas'.
A12: =1+A11 -> 4 | B12: Mostrar nenhum diagnóstico das IAs não avaliadas desde a última vez | C12: Clique no botão 'Diagnósticos Recentes' | D12: Ao clicar no botão, irá aparecer uma janela lateral com nenhuma notificação, contendo uma mensagem dizendo 'Nenhum Diagnóstico no momento'.
A13: =1+A12 -> 5
A14: =1+A13 -> 6
A15: =1+A14 -> 7
A16: =1+A15 -> 8
A17: =1+A16 -> 9
A18: =1+A17 -> 10
A19: =1+A18 -> 11

Sheet Manter Base de Espécies
A1: Total de Cenários
A2: =Capa!D9 -> 5
A3: Manter Base de Espécies
A4: Script de Teste: | B4: Não
A5: Massa de Teste: | B5: Nome do Script sql com os dados para teste
A6: Pré-Condições: | B6: O usuário deve estar logado no Sistema e possuir perfil de acesso à funcionalidade .
A8: Nr. Cenário | B8: Descrição | C8: Entradas | D8: Resultado Esperado | E8: Problemas/Observações | F8: Qde. Defeitos | G8: Qde. Ciclos
A9: 1 | B9: Cadastrar um espécime | C9: Clique no botão 'Novo Espécime' e Informe seu Nome, Espécie/Família, Estágio, Descrição e Imagem Base em Arquivo .png/.jpg | D9: Ao informar corretamente cada item, aparecerá uma tela dizendo "Cadastro Concluído"
A10: =1+A9 -> 2 | B10: Não adicionar 1 informação no cadastro | C10: Clique no botão 'Novo Espécime' e não informe pelo menos 1 item do Cadastro | D10: A tela mostrará uma mensagem de erro dizendo "Falta informação ainda"
A11: =1+A10 -> 3 | B11: Repetir um cadastro existente | C11: Clique no botão 'Novo Espécime' e Informe os itens idênticos a um Espécime já cadastrado | D11: A tela mostrará uma mensagem de erro dizendo "Este Espécime já existe"
A12: =1+A11 -> 4 | B12: Alterar uma imagem escolhida antes de confirmar o envio | C12: Selecionar um Arquivo .png/.jpg errado e clique no botão 'Mudar'. selecionando um novo Arquivo .png/.jpg | D12: A imagem anterior terá sido trocada pela nova escolha, mantendo os dados dos outros itens intactos
A13: =1+A12 -> 5 | B13: Selecionar a filtragem dos Espécimes | C13: Na aba de pesquisa, clique na opção Filtrar | D13: Ao selecionar para Filtrar, irá aparecer as opções de filtrar por Nome, Tipo, Estágio, Descrição (alguma frase escrita no Diagnóstico) e Data, onde ao selecionar um filtro os resultados irão aparecer
A14: =1+A13 -> 6
A15: =1+A14 -> 7
A16: =1+A15 -> 8
A17: =1+A16 -> 9
A18: =1+A17 -> 10
A19: =1+A18 -> 11

Sheet Acompanhar Métricas do Sistema
A1: Total de Cenários
A2: =Capa!D10 -> 3
A3: Acompanhar Métricas do Sistema
A4: Script de Teste: | B4: Não
A5: Massa de Teste: | B5: Nome do Script sql com os dados para teste
A6: Pré-Condições: | B6: O usuário deve estar logado no Sistema e possuir perfil de acesso à funcionalidade .
A8: Nr. Cenário | B8: Descrição | C8: Entradas | D8: Resultado Esperado | E8: Problemas/Observações | F8: Qde. Defeitos | G8: Qde. Ciclos
A9: 1 | B9: Ver taxa acerto da IA | C9: Clique no botão 'Diagnósticos' | D9: Ao clicar no painel, irá mostrar porcentagem média de acertos de todos os diagnósticos feitos, além de informar a quantidade de cada e o total.
A10: =1+A9 -> 2 | B10: Ver análises dos Especialistas | C10: Clique no painel 'Especialista' | D10: Ao clicar no painel, irá mostrar todos os diagnósticos aprovados e desaprovados pelos especialistas, além de informar a quantidade de cada e o total.
A11: =1+A10 -> 3 | B11: Filtrar análises dos Especialistas | C11: Clique no painel 'Especialista' e selecione a opção 'Aprovado' ou 'Rejeitado' | D11: Ao clicar no painel, irá mostrar todos os diagnósticos aprovados ou desaprovados pelos especialistas de acordo com o demarcado, além de informar a quantidade de cada e o total.
A12: =1+A11 -> 4
A13: =1+A12 -> 5
A14: =1+A13 -> 6
A15: =1+A14 -> 7
A16: =1+A15 -> 8
A17: =1+A16 -> 9
A18: =1+A17 -> 10
A19: =1+A18 -> 11
